{"meta": {"format": 3, "version": "7.10.6", "timestamp": "2025-10-04T16:10:05.706225", "branch_coverage": false, "show_contexts": false}, "files": {"src/devsynth/logging_setup.py": {"executed_lines": [1, 3, 9, 10, 11, 12, 13, 14, 15, 16, 17, 18, 19, 20, 25, 26, 29, 30, 33, 34, 35, 38, 39, 42, 45, 48, 49, 52, 59, 62, 63, 68, 69, 71, 72, 73, 74, 75, 77, 78, 85, 86, 88, 89, 90, 92, 94, 103, 104, 105, 106, 107, 108, 113, 114, 121, 125, 126, 128, 130, 144, 155, 156, 157, 158, 183, 185, 186, 188, 189, 192, 195, 196, 198, 206, 214, 220, 227, 228, 229, 232, 239, 240, 247, 265, 270, 275, 277, 280, 308, 309, 310, 315, 318, 339, 340, 342, 347, 350, 353, 354, 355, 370, 378, 379, 394, 399, 401, 409, 410, 413, 416, 417, 420, 421, 424, 427, 430, 431, 434, 437, 438, 439, 442, 443, 444, 445, 446, 457, 458, 461, 462, 468, 471, 472, 479, 486, 487, 488, 493, 503, 504, 505, 506, 514, 515, 517, 519, 528, 531, 556, 557, 569, 570, 575, 584, 585, 587, 589, 591, 594, 596, 598, 600, 602, 604, 608, 612, 616, 626], "summary": {"covered_lines": 165, "num_statements": 256, "percent_covered": 64.453125, "percent_covered_display": "64.45", "missing_lines": 91, "excluded_lines": 3}, "missing_lines": [79, 80, 82, 83, 87, 91, 95, 96, 97, 98, 100, 101, 115, 116, 117, 118, 120, 145, 146, 187, 190, 199, 200, 201, 202, 203, 208, 209, 210, 211, 216, 217, 241, 242, 272, 281, 282, 283, 285, 286, 287, 289, 290, 291, 295, 298, 299, 305, 311, 313, 348, 356, 357, 358, 359, 360, 364, 366, 367, 380, 381, 382, 383, 384, 388, 390, 391, 447, 449, 454, 464, 516, 518, 520, 529, 558, 571, 576, 579, 580, 582, 586, 588, 590, 592, 606, 610, 614, 618, 619, 636], "excluded_lines": [292, 300, 410], "functions": {"RedactSecretsFilter.__init__": {"executed_lines": [69, 71, 72, 73, 74, 75], "summary": {"covered_lines": 6, "num_statements": 6, "percent_covered": 100.0, "percent_covered_display": "100.00", "missing_lines": 0, "excluded_lines": 0}, "missing_lines": [], "excluded_lines": []}, "RedactSecretsFilter._mask": {"executed_lines": [], "summary": {"covered_lines": 0, "num_statements": 4, "percent_covered": 0.0, "percent_covered_display": "0.00", "missing_lines": 4, "excluded_lines": 0}, "missing_lines": [79, 80, 82, 83], "excluded_lines": []}, "RedactSecretsFilter._redact_in_text": {"executed_lines": [86, 88, 89, 90, 92], "summary": {"covered_lines": 5, "num_statements": 7, "percent_covered": 71.42857142857143, "percent_covered_display": "71.43", "missing_lines": 2, "excluded_lines": 0}, "missing_lines": [87, 91], "excluded_lines": []}, "RedactSecretsFilter._redact_in_mapping": {"executed_lines": [], "summary": {"covered_lines": 0, "num_statements": 6, "percent_covered": 0.0, "percent_covered_display": "0.00", "missing_lines": 6, "excluded_lines": 0}, "missing_lines": [95, 96, 97, 98, 100, 101], "excluded_lines": []}, "RedactSecretsFilter.filter": {"executed_lines": [104, 105, 106, 107, 108, 113, 114, 121], "summary": {"covered_lines": 8, "num_statements": 13, "percent_covered": 61.53846153846154, "percent_covered_display": "61.54", "missing_lines": 5, "excluded_lines": 0}, "missing_lines": [115, 116, 117, 118, 120], "excluded_lines": []}, "JSONFormatter.format": {"executed_lines": [130, 144, 155, 156, 157, 158, 183, 185, 186, 188, 189, 192], "summary": {"covered_lines": 12, "num_statements": 16, "percent_covered": 75.0, "percent_covered_display": "75.00", "missing_lines": 4, "excluded_lines": 0}, "missing_lines": [145, 146, 187, 190], "excluded_lines": []}, "RequestContextFilter.filter": {"executed_lines": [], "summary": {"covered_lines": 0, "num_statements": 5, "percent_covered": 0.0, "percent_covered_display": "0.00", "missing_lines": 5, "excluded_lines": 0}, "missing_lines": [199, 200, 201, 202, 203], "excluded_lines": []}, "set_request_context": {"executed_lines": [], "summary": {"covered_lines": 0, "num_statements": 4, "percent_covered": 0.0, "percent_covered_display": "0.00", "missing_lines": 4, "excluded_lines": 0}, "missing_lines": [208, 209, 210, 211], "excluded_lines": []}, "clear_request_context": {"executed_lines": [], "summary": {"covered_lines": 0, "num_statements": 2, "percent_covered": 0.0, "percent_covered_display": "0.00", "missing_lines": 2, "excluded_lines": 0}, "missing_lines": [216, 217], "excluded_lines": []}, "get_log_dir": {"executed_lines": [227, 228, 229], "summary": {"covered_lines": 3, "num_statements": 3, "percent_covered": 100.0, "percent_covered_display": "100.00", "missing_lines": 0, "excluded_lines": 0}, "missing_lines": [], "excluded_lines": []}, "get_log_file": {"executed_lines": [239, 240], "summary": {"covered_lines": 2, "num_statements": 4, "percent_covered": 50.0, "percent_covered_display": "50.00", "missing_lines": 2, "excluded_lines": 0}, "missing_lines": [241, 242], "excluded_lines": []}, "ensure_log_dir_exists": {"executed_lines": [265, 270, 275, 277, 280, 308, 309, 310, 315], "summary": {"covered_lines": 9, "num_statements": 25, "percent_covered": 36.0, "percent_covered_display": "36.00", "missing_lines": 16, "excluded_lines": 2}, "missing_lines": [272, 281, 282, 283, 285, 286, 287, 289, 290, 291, 295, 298, 299, 305, 311, 313], "excluded_lines": [292, 300]}, "configure_logging": {"executed_lines": [339, 340, 342, 347, 350, 353, 354, 355, 370, 378, 379, 394, 399, 401, 409, 410, 413, 416, 417, 420, 421, 424, 427, 430, 431, 434, 437, 438, 439, 442, 443, 444, 445, 446, 457, 458, 461, 462, 468], "summary": {"covered_lines": 38, "num_statements": 59, "percent_covered": 64.40677966101696, "percent_covered_display": "64.41", "missing_lines": 21, "excluded_lines": 1}, "missing_lines": [348, 356, 357, 358, 359, 360, 364, 366, 367, 380, 381, 382, 383, 384, 388, 390, 391, 447, 449, 454, 464], "excluded_lines": [410]}, "DevSynthLogger.__init__": {"executed_lines": [486, 487, 488], "summary": {"covered_lines": 3, "num_statements": 3, "percent_covered": 100.0, "percent_covered_display": "100.00", "missing_lines": 0, "excluded_lines": 0}, "missing_lines": [], "excluded_lines": []}, "DevSynthLogger._log": {"executed_lines": [503, 504, 505, 506, 514, 515, 517, 519, 528, 531, 556, 557, 569, 570, 575, 584, 585, 587, 589, 591, 594], "summary": {"covered_lines": 21, "num_statements": 35, "percent_covered": 60.0, "percent_covered_display": "60.00", "missing_lines": 14, "excluded_lines": 0}, "missing_lines": [516, 518, 520, 529, 558, 571, 576, 579, 580, 582, 586, 588, 590, 592], "excluded_lines": []}, "DevSynthLogger.debug": {"executed_lines": [598], "summary": {"covered_lines": 1, "num_statements": 1, "percent_covered": 100.0, "percent_covered_display": "100.00", "missing_lines": 0, "excluded_lines": 0}, "missing_lines": [], "excluded_lines": []}, "DevSynthLogger.info": {"executed_lines": [602], "summary": {"covered_lines": 1, "num_statements": 1, "percent_covered": 100.0, "percent_covered_display": "100.00", "missing_lines": 0, "excluded_lines": 0}, "missing_lines": [], "excluded_lines": []}, "DevSynthLogger.warning": {"executed_lines": [], "summary": {"covered_lines": 0, "num_statements": 1, "percent_covered": 0.0, "percent_covered_display": "0.00", "missing_lines": 1, "excluded_lines": 0}, "missing_lines": [606], "excluded_lines": []}, "DevSynthLogger.error": {"executed_lines": [], "summary": {"covered_lines": 0, "num_statements": 1, "percent_covered": 0.0, "percent_covered_display": "0.00", "missing_lines": 1, "excluded_lines": 0}, "missing_lines": [610], "excluded_lines": []}, "DevSynthLogger.critical": {"executed_lines": [], "summary": {"covered_lines": 0, "num_statements": 1, "percent_covered": 0.0, "percent_covered_display": "0.00", "missing_lines": 1, "excluded_lines": 0}, "missing_lines": [614], "excluded_lines": []}, "DevSynthLogger.exception": {"executed_lines": [], "summary": {"covered_lines": 0, "num_statements": 2, "percent_covered": 0.0, "percent_covered_display": "0.00", "missing_lines": 2, "excluded_lines": 0}, "missing_lines": [618, 619], "excluded_lines": []}, "get_logger": {"executed_lines": [], "summary": {"covered_lines": 0, "num_statements": 1,