{"meta": {"format": 3, "version": "7.10.7", "timestamp": "2025-10-01T02:56:55.619020", "branch_coverage": false, "show_contexts": false}, "files": {"src/devsynth/application/cli/commands/run_tests_cmd.py": {"executed_lines": [1, 10, 12, 13, 14, 16, 18, 19, 20, 21, 22, 23, 35, 36, 38, 61, 64, 74, 78, 79, 82, 109, 122, 133, 145, 163, 224, 228, 229, 230, 232, 239, 249, 250, 260, 261, 262, 268], "summary": {"covered_lines": 37, "num_statements": 202, "percent_covered": 18.316831683168317, "percent_covered_display": "18.32", "missing_lines": 165, "excluded_lines": 3}, "missing_lines": [48, 49, 51, 52, 53, 54, 55, 57, 58, 75, 85, 86, 87, 92, 97, 98, 103, 112, 113, 114, 115, 116, 119, 125, 126, 127, 128, 129, 130, 136, 137, 138, 139, 140, 141, 142, 148, 149, 150, 151, 152, 153, 154, 155, 156, 159, 160, 246, 255, 270, 271, 272, 273, 274, 279, 282, 283, 284, 285, 287, 288, 289, 290, 291, 292, 293, 294, 295, 296, 297, 298, 299, 300, 304, 305, 306, 309, 310, 311, 312, 313, 314, 315, 316, 317, 318, 320, 321, 323, 328, 329, 330, 332, 333, 335, 336, 337, 338, 339, 343, 344, 345, 346, 350, 354, 355, 358, 359, 360, 361, 362, 363, 364, 365, 367, 368, 370, 372, 384, 385, 387, 388, 390, 391, 392, 394, 395, 396, 401, 406, 410, 411, 412, 413, 414, 415, 416, 417, 418, 419, 424, 425, 426, 427, 428, 433, 435, 436, 441, 442, 444, 445, 446, 447, 452, 456, 458, 459, 460, 461, 462, 464, 469, 471, 472], "excluded_lines": [46, 257, 408], "functions": {"_parse_feature_options": {"executed_lines": [], "summary": {"covered_lines": 0, "num_statements": 9, "percent_covered": 0.0, "percent_covered_display": "0.00", "missing_lines": 9, "excluded_lines": 1}, "missing_lines": [48, 49, 51, 52, 53, 54, 55, 57, 58], "excluded_lines": [46]}, "_configure_optional_providers": {"executed_lines": [74, 78, 79], "summary": {"covered_lines": 3, "num_statements": 4, "percent_covered": 75.0, "percent_covered_display": "75.00", "missing_lines": 1, "excluded_lines": 0}, "missing_lines": [75], "excluded_lines": []}, "_emit_coverage_artifact_messages": {"executed_lines": [], "summary": {"covered_lines": 0, "num_statements": 7, "percent_covered": 0.0, "percent_covered_display": "0.00", "missing_lines": 7, "excluded_lines": 0}, "missing_lines": [85, 86, 87, 92, 97, 98, 103], "excluded_lines": []}, "_parse_pytest_addopts": {"executed_lines": [], "summary": {"covered_lines": 0, "num_statements": 6, "percent_covered": 0.0, "percent_covered_display": "0.00", "missing_lines": 6, "excluded_lines": 0}, "missing_lines": [112, 113, 114, 115, 116, 119], "excluded_lines": []}, "_addopts_has_plugin": {"executed_lines": [], "summary": {"covered_lines": 0, "num_statements": 6, "percent_covered": 0.0, "percent_covered_display": "0.00", "missing_lines": 6, "excluded_lines": 0}, "missing_lines": [125, 126, 127, 128, 129, 130], "excluded_lines": []}, "_coverage_instrumentation_disabled": {"executed_lines": [], "summary": {"covered_lines": 0, "num_statements": 7, "percent_covered": 0.0, "percent_covered_display": "0.00", "missing_lines": 7, "excluded_lines": 0}, "missing_lines": [136, 137, 138, 139, 140, 141, 142], "excluded_lines": []}, "_coverage_instrumentation_status": {"executed_lines": [], "summary": {"covered_lines": 0, "num_statements": 11, "percent_covered": 0.0, "percent_covered_display": "0.00", "missing_lines": 11, "excluded_lines": 0}, "missing_lines": [148, 149, 150, 151, 152, 153, 154, 155, 156, 159, 160], "excluded_lines": []}, "run_tests_cmd": {"executed_lines": [224, 228, 229, 230, 232, 239, 249, 250, 260, 261, 262, 268], "summary": {"covered_lines": 12, "num_statements": 130, "percent_covered": 9.23076923076923, "percent_covered_display": "9.23", "missing_lines": 118, "excluded_lines": 2}, "missing_lines": [246, 255, 270, 271, 272, 273, 274, 279, 282, 283, 284, 285, 287, 288, 289, 290, 291, 292, 293, 294, 295, 296, 297, 298, 299, 300, 304, 305, 306, 309, 310, 311, 312, 313, 314, 315, 316, 317, 318, 320, 321, 323, 328, 329, 330, 332, 333, 335, 336, 337, 338, 339, 343, 344, 345, 346, 350, 354, 355, 358, 359, 360, 361, 362, 363, 364, 365, 367, 368, 370, 372, 384, 385, 387, 388, 390, 391, 392, 394, 395, 396, 401, 406, 410, 411, 412, 413, 414, 415, 416, 417, 418, 419, 424, 425, 426, 427, 428, 433, 435, 436, 441, 442, 444, 445, 446, 447, 452, 456, 458, 459, 460, 461, 462, 464, 469, 471, 472], "excluded_lines": [257, 408]}, "": {"executed_lines": [1, 10, 12, 13, 14, 16, 18, 19, 20, 21, 22, 23, 35, 36, 38, 61, 64, 82, 109, 122, 133, 145, 163], "summary": {"covered_lines": 22, "num_statements": 22, "percent_covered": 100.0, "percent_covered_display": "100.00", "missing_lines": 0, "excluded_lines": 0}, "missing_lines": [], "excluded_lines": []}}, "classes": {"": {"executed_lines": [1, 10, 12, 13, 14, 16, 18, 19, 20, 21, 22, 23, 35, 36, 38, 61, 64, 74, 78, 79, 82, 109, 122, 133, 145, 163, 224, 228, 229, 230, 232, 239, 249, 250, 260, 261, 262, 268], "summary": {"covered_lines": 37, "num_statements": 202, "percent_covered": 18.316831683168317, "percent_covered_display": "18.32", "missing_lines": 165, "excluded_lines": 3}, "missing_lines": [48, 49, 51, 52, 53, 54, 55, 57, 58, 75, 85, 86, 87, 92, 97, 98, 103, 112, 113, 114, 115, 116, 119, 125, 126, 127, 128, 129, 130, 136, 137, 138, 139, 140, 141, 142, 148, 149, 150, 151, 152, 153, 154, 155, 156, 159, 160, 246, 255, 270, 271, 272, 273, 274, 279, 282, 283, 284, 285, 287, 288, 289, 290, 291, 292, 293, 294, 295, 296, 297, 298, 299, 300, 304, 305, 306, 309, 310, 311, 312, 313, 314, 315, 316, 317, 318, 320, 321, 323, 328, 329, 330, 332, 333, 335, 336, 337, 338, 339, 343, 344, 345, 346, 350, 354, 355, 358, 359, 360, 361, 362, 363, 364, 365, 367, 368, 370, 372, 384, 385, 387, 388, 390, 391, 392, 394, 395, 396, 401, 406, 410, 411, 412, 413, 414, 415, 416, 417, 418, 419, 424, 425, 426, 427, 428, 433, 435, 436, 441, 442, 444, 445, 446, 447, 452, 456, 458, 459, 460, 461, 462, 464, 469, 471, 472], "excluded_lines": [46, 257, 408]}}}, "src/devsynth/testing/run_tests.py": {"executed_lines": [1, 8, 10, 11, 12, 13, 14, 15, 16, 17, 18, 19, 20, 21, 22, 24, 27, 28, 30, 31, 32, 33, 34, 38, 39, 47, 93, 100, 103, 132, 276, 289, 300, 312, 318, 346, 375, 404, 461, 484, 627, 736, 802, 873], "summary": {"covered_lines": 42, "num_statements": 352, "percent_covered": 11.931818181818182, "percent_covered_display": "11.93", "missing_lines": 310, "excluded_lines": 88}, "missing_lines": [42, 44, 57, 58, 89, 106, 107, 112, 113, 114, 115, 118, 119, 120, 121, 122, 124, 125, 126, 127, 128, 135, 136, 137, 139, 141, 142, 143, 144, 145, 146, 147, 158, 167, 168, 169, 179, 180, 184, 186, 187, 190, 197, 198, 199, 207, 208, 216, 217, 221, 223, 224, 225, 226, 228, 229, 236, 237, 244, 245, 246, 247, 248, 255, 256, 263, 267, 268, 279, 280, 281, 282, 283, 286, 292, 293, 294, 295, 296, 297, 303, 304, 305, 306, 307, 308, 309, 315, 321, 322, 324, 325, 327, 332, 334, 335, 337, 338, 339, 340, 344, 349, 350, 352, 353, 355, 356, 361, 363, 364, 366, 367, 368, 369, 373, 378, 379, 381, 382, 383, 384, 386, 387, 388, 390, 391, 392, 394, 395, 399, 400, 402, 412, 413, 414, 415, 416, 417, 418, 419, 420, 422, 423, 424, 425, 426, 427, 428, 429, 431, 432, 433, 434, 435, 436, 438, 439, 443, 444, 445, 446, 448, 449, 450, 451, 452, 453, 455, 458, 471, 472, 473, 474, 476, 477, 478, 479, 480, 481, 487, 490, 491, 495, 496, 497, 498, 500, 501, 502, 503, 504, 505, 506, 507, 508, 509, 511, 512, 514, 515, 516, 520, 521, 522, 523, 525, 526, 527, 530, 532, 539, 545, 551, 560, 561, 566, 568, 581, 582, 588, 589, 590, 591, 594, 595, 596, 597, 598, 601, 610, 611, 620, 622, 623, 624, 658, 659, 662, 665, 666, 669, 670, 671, 672, 673, 674, 676, 679, 680, 686, 687, 690, 691, 693, 694, 695, 700, 701, 703, 705, 720, 730, 731, 732, 733, 750, 751, 754, 757, 761, 769, 770, 771, 773, 777, 790, 791, 792, 793, 794, 797, 799, 813, 816, 819, 822, 832, 833, 834, 835, 836, 837, 838, 839, 840, 845, 847, 848, 849, 851, 853, 861, 862, 864, 865, 867, 868, 869, 870, 871],