{"meta": {"format": 3, "version": "7.10.6", "timestamp": "2025-10-05T04:12:17.116147", "branch_coverage": false, "show_contexts": false}, "files": {"src/devsynth/methodology/edrr/reasoning_loop.py": {"executed_lines": [1, 10, 12, 13, 14, 16, 17, 20, 23, 26, 27, 29, 30, 36, 39, 45, 55, 80, 81, 82, 84, 87, 88, 90, 91, 95, 97, 98, 99, 102, 108, 110, 117, 120, 121, 122, 123, 126, 127, 128, 131, 166, 170, 173, 174, 175, 182, 183, 184, 185, 186, 191, 201, 204, 205, 208, 209, 210, 213, 214, 215, 216, 222], "summary": {"covered_lines": 62, "num_statements": 90, "percent_covered": 68.88888888888889, "percent_covered_display": "68.89", "missing_lines": 28, "excluded_lines": 13}, "missing_lines": [52, 85, 92, 115, 139, 140, 142, 143, 144, 147, 148, 149, 150, 156, 157, 158, 163, 164, 167, 171, 172, 177, 187, 192, 197, 217, 218, 220], "excluded_lines": [86, 93, 114, 132, 133, 134, 135, 136, 137, 138, 151, 160, 189], "functions": {"_import_apply_dialectical_reasoning": {"executed_lines": [], "summary": {"covered_lines": 0, "num_statements": 1, "percent_covered": 0.0, "percent_covered_display": "0.00", "missing_lines": 1, "excluded_lines": 0}, "missing_lines": [52], "excluded_lines": []}, "reasoning_loop": {"executed_lines": [80, 81, 82, 84, 87, 88, 90, 91, 95, 97, 98, 99, 102, 108, 110, 117, 120, 121, 122, 123, 126, 127, 128, 131, 166, 170, 173, 174, 175, 182, 183, 184, 185, 186, 191, 201, 204, 205, 208, 209, 210, 213, 214, 215, 216, 222], "summary": {"covered_lines": 46, "num_statements": 73, "percent_covered": 63.013698630136986, "percent_covered_display": "63.01", "missing_lines": 27, "excluded_lines": 13}, "missing_lines": [85, 92, 115, 139, 140, 142, 143, 144, 147, 148, 149, 150, 156, 157, 158, 163, 164, 167, 171, 172, 177, 187, 192, 197, 217, 218, 220], "excluded_lines": [86, 93, 114, 132, 133, 134, 135, 136, 137, 138, 151, 160, 189]}, "": {"executed_lines": [1, 10, 12, 13, 14, 16, 17, 20, 23, 26, 27, 29, 30, 36, 39, 45, 55], "summary": {"covered_lines": 16, "num_statements": 16, "percent_covered": 100.0, "percent_covered_display": "100.00", "missing_lines": 0, "excluded_lines": 0}, "missing_lines": [], "excluded_lines": []}}, "classes": {"": {"executed_lines": [1, 10, 12, 13, 14, 16, 17, 20, 23, 26, 27, 29, 30, 36, 39, 45, 55, 80, 81, 82, 84, 87, 88, 90, 91, 95, 97, 98, 99, 102, 108, 110, 117, 120, 121, 122, 123, 126, 127, 128, 131, 166, 170, 173, 174, 175, 182, 183, 184, 185, 186, 191, 201, 204, 205, 208, 209, 210, 213, 214, 215, 216, 222], "summary": {"covered_lines": 62, "num_statements": 90, "percent_covered": 68.88888888888889, "percent_covered_display": "68.89", "missing_lines": 28, "excluded_lines": 13}, "missing_lines": [52, 85, 92, 115, 139, 140, 142, 143, 144, 147, 148, 149, 150, 156, 157, 158, 163, 164, 167, 171, 172, 177, 187, 192, 197, 217, 218, 220], "excluded_lines": [86, 93, 114, 132, 133, 134, 135, 136, 137, 138, 151, 160, 189]}}}}, "totals": {"covered_lines": 62, "num_statements": 90, "percent_covered": 68.88888888888889, "percent_covered_display": "68.89", "missing_lines": 28, "excluded_lines": 13}}