{"meta": {"format": 3, "version": "7.10.6", "timestamp": "2025-09-20T04:28:08.759081", "branch_coverage": false, "show_contexts": false}, "files": {"src/devsynth/logging_setup.py": {"executed_lines": [1, 8, 9, 10, 11, 12, 13, 14, 15, 16, 17, 22, 23, 26, 27, 30, 31, 32, 35, 38, 41, 44, 45, 48, 55, 56, 61, 62, 64, 65, 66, 67, 68, 70, 71, 72, 75, 76, 78, 79, 81, 82, 83, 84, 85, 87, 88, 89, 90, 91, 94, 96, 97, 98, 99, 100, 101, 106, 107, 108, 109, 110, 114, 118, 119, 121, 183, 184, 186, 194, 204, 210, 222, 237, 307, 460, 461, 468, 475, 476, 477, 482, 492, 493, 494, 495, 497, 505, 530, 533, 540, 541, 543, 545, 547, 550, 552, 554, 556, 558, 560, 564, 568, 572, 582], "summary": {"covered_lines": 100, "num_statements": 243, "percent_covered": 41.1522633744856, "percent_covered_display": "41", "missing_lines": 143, "excluded_lines": 0}, "missing_lines": [73, 80, 93, 111, 113, 123, 137, 138, 145, 146, 147, 148, 173, 175, 176, 177, 178, 180, 187, 188, 189, 190, 191, 198, 199, 200, 201, 206, 207, 217, 218, 219, 229, 230, 231, 232, 255, 260, 262, 265, 267, 270, 271, 272, 274, 275, 276, 278, 279, 280, 281, 284, 287, 288, 289, 294, 297, 298, 299, 300, 302, 304, 328, 329, 331, 336, 337, 339, 342, 343, 344, 345, 346, 347, 348, 349, 353, 355, 356, 359, 367, 368, 369, 370, 371, 372, 373, 377, 379, 380, 383, 388, 390, 398, 399, 402, 405, 406, 409, 410, 413, 416, 419, 420, 423, 426, 427, 428, 431, 432, 433, 434, 435, 436, 438, 443, 446, 447, 450, 451, 453, 457, 498, 499, 500, 501, 502, 503, 531, 534, 535, 536, 538, 542, 544, 546, 548, 562, 566, 570, 574, 575, 592], "excluded_lines": [], "functions": {"RedactSecretsFilter.__init__": {"executed_lines": [62, 64, 65, 66, 67, 68], "summary": {"covered_lines": 6, "num_statements": 6, "percent_covered": 100.0, "percent_covered_display": "100", "missing_lines": 0, "excluded_lines": 0}, "missing_lines": [], "excluded_lines": []}, "RedactSecretsFilter._mask": {"executed_lines": [72, 75, 76], "summary": {"covered_lines": 3, "num_statements": 4, "percent_covered": 75.0, "percent_covered_display": "75", "missing_lines": 1, "excluded_lines": 0}, "missing_lines": [73], "excluded_lines": []}, "RedactSecretsFilter._redact_in_text": {"executed_lines": [79, 81, 82, 83, 84, 85], "summary": {"covered_lines": 6, "num_statements": 7, "percent_covered": 85.71428571428571, "percent_covered_display": "86", "missing_lines": 1, "excluded_lines": 0}, "missing_lines": [80], "excluded_lines": []}, "RedactSecretsFilter._redact_in_mapping": {"executed_lines": [88, 89, 90, 91, 94], "summary": {"covered_lines": 5, "num_statements": 6, "percent_covered": 83.33333333333333, "percent_covered_display": "83", "missing_lines": 1, "excluded_lines": 0}, "missing_lines": [93], "excluded_lines": []}, "RedactSecretsFilter.filter": {"executed_lines": [97, 98, 99, 100, 101, 106, 107, 108, 109, 110, 114], "summary": {"covered_lines": 11, "num_statements": 13, "percent_covered": 84.61538461538461, "percent_covered_display": "85", "missing_lines": 2, "excluded_lines": 0}, "missing_lines": [111, 113], "excluded_lines": []}, "JSONFormatter.format": {"executed_lines": [], "summary": {"covered_lines": 0, "num_statements": 13, "percent_covered": 0.0, "percent_covered_display": "0", "missing_lines": 13, "excluded_lines": 0}, "missing_lines": [123, 137, 138, 145, 146, 147, 148, 173, 175, 176, 177, 178, 180], "excluded_lines": []}, "RequestContextFilter.filter": {"executed_lines": [], "summary": {"covered_lines": 0, "num_statements": 5, "percent_covered": 0.0, "percent_covered_display": "0", "missing_lines": 5, "excluded_lines": 0}, "missing_lines": [187, 188, 189, 190, 191], "excluded_lines": []}, "set_request_context": {"executed_lines": [], "summary": {"covered_lines": 0, "num_statements": 4, "percent_covered": 0.0, "percent_covered_display": "0", "missing_lines": 4, "excluded_lines": 0}, "missing_lines": [198, 199, 200, 201], "excluded_lines": []}, "clear_request_context": {"executed_lines": [], "summary": {"covered_lines": 0, "num_statements": 2, "percent_covered": 0.0, "percent_covered_display": "0", "missing_lines": 2, "excluded_lines": 0}, "missing_lines": [206, 207], "excluded_lines": []}, "get_log_dir": {"executed_lines": [], "summary": {"covered_lines": 0, "num_statements": 3, "percent_covered": 0.0, "percent_covered_display": "0", "missing_lines": 3, "excluded_lines": 0}, "missing_lines": [217, 218, 219], "excluded_lines": []}, "get_log_file": {"executed_lines": [], "summary": {"covered_lines": 0, "num_statements": 4, "percent_covered": 0.0, "percent_covered_display": "0", "missing_lines": 4, "excluded_lines": 0}, "missing_lines": [229, 230, 231, 232], "excluded_lines": []}, "ensure_log_dir_exists": {"executed_lines": [], "summary": {"covered_lines": 0, "num_statements": 26, "percent_covered": 0.0, "percent_covered_display": "0", "missing_lines": 26, "excluded_lines": 0}, "missing_lines": [255, 260, 262, 265, 267, 270, 271, 272, 274, 275, 276, 278, 279, 280, 281, 284, 287, 288, 289, 294, 297, 298, 299, 300, 302, 304], "excluded_lines": []}, "configure_logging": {"executed_lines": [], "summary": {"covered_lines": 0, "num_statements": 60, "percent_covered": 0.0, "percent_covered_display": "0", "missing_lines": 60, "excluded_lines": 0}, "missing_lines": [328, 329, 331, 336, 337, 339, 342, 343, 344, 345, 346, 347, 348, 349, 353, 355, 356, 359, 367, 368, 369, 370, 371, 372, 373, 377, 379, 380, 383, 388, 390, 398, 399, 402, 405, 406, 409, 410, 413, 416, 419, 420, 423, 426, 427, 428, 431, 432, 433, 434, 435, 436, 438, 443, 446, 447, 450, 451, 453, 457], "excluded_lines": []}, "DevSynthLogger.__init__": {"executed_lines": [475, 476, 477], "summary": {"covered_lines": 3, "num_statements": 3, "percent_covered": 100.0, "percent_covered_display": "100", "missing_lines": 0, "excluded_lines": 0}, "missing_lines": [], "excluded_lines": []}, "DevSynthLogger._log": {"executed_lines": [492, 493, 494, 495, 497, 505, 530, 533, 540, 541, 543, 545, 547, 550], "summary": {"covered_lines": 14, "num_statements": 29, "percent_covered": 48.275862068965516, "percent_covered_display": "48", "missing_lines": 15, "excluded_lines": 0}, "missing_lines": [498, 499, 500, 501, 502, 503, 531, 534, 535, 536, 538, 542, 544, 546, 548], "excluded_lines": []}, "DevSynthLogger.debug": {"executed_lines": [554], "summary": {"covered_lines": 1, "num_statements": 1, "percent_covered": 100.0, "percent_covered_display": "100", "missing_lines": 0, "excluded_lines": 0}, "missing_lines": [], "excluded_lines": []}, "DevSynthLogger.info": {"executed_lines": [558], "summary": {"covered_lines": 1, "num_statements": 1, "percent_covered": 100.0, "percent_covered_display": "100", "missing_lines": 0, "excluded_lines": 0}, "missing_lines": [], "excluded_lines": []}, "DevSynthLogger.warning": {"executed_lines": [], "summary": {"covered_lines": 0, "num_statements": 1, "percent_covered": 0.0, "percent_covered_display": "0", "missing_lines": 1, "excluded_lines": 0}, "missing_lines": [562], "excluded_lines": []}, "DevSynthLogger.error": {"executed_lines": [], "summary": {"covered_lines": 0, "num_statements": 1, "percent_covered": 0.0, "percent_covered_display": "0", "missing_lines": 1, "excluded_lines": 0}, "missing_lines": [566], "excluded_lines": []}, "DevSynthLogger.critical": {"executed_lines": [], "summary": {"covered_lines": 0, "num_statements": 1, "percent_covered": 0.0, "percent_covered_display": "0", "missing_lines": 1, "excluded_lines": 0}, "missing_lines": [570], "excluded_lines": []}, "DevSynthLogger.exception": {"executed_lines": [], "summary": {"covered_lines": 0, "num_statements": 2, "percent_covered": 0.0, "percent_covered_display": "0", "missing_lines": 2, "excluded_lines": 0}, "missing_lines": [574, 575], "excluded_lines": []}, "get_logger": {"executed_lines": [], "summary": {"covered_lines": 0, "num_statements": 1, "percent_covered": 0.0, "percent_covered_display": "0", "missing_lines": 1, "excluded_lines": 0}, "missing_lines": [592], "excluded_lines": []},