{"meta": {"format": 3, "version": "7.10.6", "timestamp": "2025-09-20T04:27:56.832424", "branch_coverage": false, "show_contexts": false}, "files": {"src/devsynth/interface/webui_bridge.py": {"executed_lines": [1, 3, 4, 7, 9, 10, 11, 12, 14, 15, 16, 19, 22, 41, 42, 44, 52, 101, 105, 132, 156, 173, 218, 296, 317, 318, 324, 331, 332, 350, 355, 356, 362, 364, 367, 368, 371, 373, 374, 425, 452, 470, 502, 519, 520, 536, 537, 554], "summary": {"covered_lines": 46, "num_statements": 205, "percent_covered": 22.4390243902439, "percent_covered_display": "22", "missing_lines": 159, "excluded_lines": 8}, "missing_lines": [29, 45, 46, 47, 48, 49, 50, 67, 68, 69, 70, 71, 76, 77, 78, 79, 80, 82, 85, 86, 87, 88, 89, 90, 91, 92, 93, 94, 96, 98, 99, 103, 116, 117, 118, 119, 121, 123, 124, 130, 142, 143, 146, 147, 148, 149, 150, 154, 162, 163, 166, 167, 168, 170, 171, 191, 192, 195, 196, 197, 198, 200, 203, 204, 206, 209, 216, 235, 240, 243, 244, 245, 246, 249, 254, 255, 256, 257, 260, 262, 267, 268, 269, 270, 273, 274, 277, 278, 281, 282, 285, 286, 290, 294, 303, 308, 310, 313, 314, 325, 326, 351, 352, 357, 358, 359, 363, 365, 390, 391, 392, 395, 396, 397, 399, 401, 402, 404, 405, 408, 409, 410, 411, 414, 416, 417, 419, 420, 423, 447, 448, 449, 450, 465, 466, 467, 468, 474, 476, 477, 478, 479, 480, 481, 483, 485, 489, 490, 491, 492, 493, 494, 495, 496, 498, 500, 514, 534, 551], "excluded_lines": [30, 31, 33, 34, 35, 73, 152, 251], "functions": {"_require_streamlit": {"executed_lines": [], "summary": {"covered_lines": 0, "num_statements": 1, "percent_covered": 0.0, "percent_covered_display": "0", "missing_lines": 1, "excluded_lines": 5}, "missing_lines": [29], "excluded_lines": [30, 31, 33, 34, 35]}, "WebUIProgressIndicator.__init__": {"executed_lines": [], "summary": {"covered_lines": 0, "num_statements": 6, "percent_covered": 0.0, "percent_covered_display": "0", "missing_lines": 6, "excluded_lines": 0}, "missing_lines": [45, 46, 47, 48, 49, 50], "excluded_lines": []}, "WebUIProgressIndicator.update": {"executed_lines": [], "summary": {"covered_lines": 0, "num_statements": 24, "percent_covered": 0.0, "percent_covered_display": "0", "missing_lines": 24, "excluded_lines": 1}, "missing_lines": [67, 68, 69, 70, 71, 76, 77, 78, 79, 80, 82, 85, 86, 87, 88, 89, 90, 91, 92, 93, 94, 96, 98, 99], "excluded_lines": [73]}, "WebUIProgressIndicator.complete": {"executed_lines": [], "summary": {"covered_lines": 0, "num_statements": 1, "percent_covered": 0.0, "percent_covered_display": "0", "missing_lines": 1, "excluded_lines": 0}, "missing_lines": [103], "excluded_lines": []}, "WebUIProgressIndicator.add_subtask": {"executed_lines": [], "summary": {"covered_lines": 0, "num_statements": 8, "percent_covered": 0.0, "percent_covered_display": "0", "missing_lines": 8, "excluded_lines": 0}, "missing_lines": [116, 117, 118, 119, 121, 123, 124, 130], "excluded_lines": []}, "WebUIProgressIndicator.update_subtask": {"executed_lines": [], "summary": {"covered_lines": 0, "num_statements": 8, "percent_covered": 0.0, "percent_covered_display": "0", "missing_lines": 8, "excluded_lines": 1}, "missing_lines": [142, 143, 146, 147, 148, 149, 150, 154], "excluded_lines": [152]}, "WebUIProgressIndicator.complete_subtask": {"executed_lines": [], "summary": {"covered_lines": 0, "num_statements": 7, "percent_covered": 0.0, "percent_covered_display": "0", "missing_lines": 7, "excluded_lines": 0}, "missing_lines": [162, 163, 166, 167, 168, 170, 171], "excluded_lines": []}, "WebUIProgressIndicator.add_nested_subtask": {"executed_lines": [], "summary": {"covered_lines": 0, "num_statements": 12, "percent_covered": 0.0, "percent_covered_display": "0", "missing_lines": 12, "excluded_lines": 0}, "missing_lines": [191, 192, 195, 196, 197, 198, 200, 203, 204, 206, 209, 216], "excluded_lines": []}, "WebUIProgressIndicator.update_nested_subtask": {"executed_lines": [], "summary": {"covered_lines": 0, "num_statements": 27, "percent_covered": 0.0, "percent_covered_display": "0", "missing_lines": 27, "excluded_lines": 1}, "missing_lines": [235, 240, 243, 244, 245, 246, 249, 254, 255, 256, 257, 260, 262, 267, 268, 269, 270, 273, 274, 277, 278, 281, 282, 285, 286, 290, 294], "excluded_lines": [251]}, "WebUIProgressIndicator.complete_nested_subtask": {"executed_lines": [], "summary": {"covered_lines": 0, "num_statements": 5, "percent_covered": 0.0, "percent_covered_display": "0", "missing_lines": 5, "excluded_lines": 0}, "missing_lines": [303, 308, 310, 313, 314], "excluded_lines": []}, "WebUIBridge.__init__": {"executed_lines": [], "summary": {"covered_lines": 0, "num_statements": 2, "percent_covered": 0.0, "percent_covered_display": "0", "missing_lines": 2, "excluded_lines": 0}, "missing_lines": [325, 326], "excluded_lines": []}, "WebUIBridge.adjust_wizard_step": {"executed_lines": [350, 355, 356, 362, 364, 367, 368, 371], "summary": {"covered_lines": 8, "num_statements": 15, "percent_covered": 53.333333333333336, "percent_covered_display": "53", "missing_lines": 7, "excluded_lines": 0}, "missing_lines": [351, 352, 357, 358, 359, 363, 365], "excluded_lines": []}, "WebUIBridge.normalize_wizard_step": {"executed_lines": [], "summary": {"covered_lines": 0, "num_statements": 21, "percent_covered": 0.0, "percent_covered_display": "0", "missing_lines": 21, "excluded_lines": 0}, "missing_lines": [390, 391, 392, 395, 396, 397, 399, 401, 402, 404, 405, 408, 409, 410, 411, 414, 416, 417, 419, 420, 423], "excluded_lines": []}, "WebUIBridge.ask_question": {"executed_lines": [], "summary": {"covered_lines": 0, "num_statements": 4, "percent_covered": 0.0, "percent_covered_display": "0", "missing_lines": 4, "excluded_lines": 0}, "missing_lines": [447, 448, 449, 450], "excluded_lines": []}, "WebUIBridge.confirm_choice": {"executed_lines": [], "summary": {"covered_lines": 0, "num_statements": 4, "percent_covered": 0.0, "percent_covered_display": "0", "missing_lines": 4, "excluded_lines": 0}, "missing_lines": [465, 466, 467, 468], "excluded_lines": []}, "WebUIBridge.display_result": {"executed_lines": [], "summary": {"covered_lines": 0, "num_statements": 19, "percent_covered": 0.0, "percent_covered_display": "0", "missing_lines": 19, "excluded_lines": 0}, "missing_lines": [474, 476, 477, 478, 479, 480, 481, 483, 485, 489, 490, 491, 492, 493, 494, 495, 496, 498, 500], "excluded_lines": []}, "WebUIBridge.create_progress": {"executed_lines": [], "summary": {"covered_lines": 0, "num_statements": 1, "percent_covered": 0.0, "percent_covered_display": "0", "missing_lines": 1, "excluded_lines": 0}, "missing_lines": [514], "excluded_lines": []}, "WebUIBridge.get_session_value": {"executed_lines": [], "summary": {"covered_lines": 0, "num_statements": 1, "percent_covered": 0.0, "percent_covered_display": "0", "missing_lines": 1, "excluded_lines": 0}, "missing_lines": [534], "excluded_lines": []}, "WebUIBridge.set_session_value": {"executed_lines": [], "summary": {"covered_lines": 0, "num_statements": 1, "percent_covered": 0.0, "percent_covered_display": "0", "missing_lines": 1, "excluded_lines": 0}, "missing_lines": [551], "excluded_lines": []}, "": {"executed_lines": [1, 3, 4, 7, 9, 10, 11, 12, 14, 15, 16, 19, 22, 41, 42, 44, 52, 101, 105, 132, 156, 173, 218, 296, 317, 318, 324, 331, 332, 373, 374, 425, 452, 470, 502, 519, 520, 536, 537, 554], "summary": {"covered_lines": 38, "num_statements": 38, "percent_covered": 100.0, "percent_covered_display": "100", "missing_lines": 0, "excluded_lines": 0}, "missing_lines": [], "excluded_lines": []}}, "classes": {"WebUIProgressIndicator": {"executed_lines": [], "summary": {"covered_lines": 0, "num_statements": 98, "percent_covered": 0.0, "percent_covered_display": "0", "missing_lines": 98, "excluded_lines": 3},