{"meta": {"format": 3, "version": "7.10.6", "timestamp": "2025-09-20T04:28:30.730134", "branch_coverage": false, "show_contexts": false}, "files": {"src/devsynth/testing/run_tests.py": {"executed_lines": [1, 8, 10, 11, 12, 13, 14, 15, 16, 17, 18, 19, 20, 21, 23, 26, 28, 29, 30, 31, 32, 34, 35, 43, 53, 54, 85, 89, 96, 99, 128, 272, 285, 296, 308, 337, 367, 426, 449, 679], "summary": {"covered_lines": 39, "num_statements": 483, "percent_covered": 8.074534161490684, "percent_covered_display": "8", "missing_lines": 444, "excluded_lines": 38}, "missing_lines": [38, 40, 102, 103, 108, 109, 110, 111, 113, 114, 115, 116, 117, 118, 119, 120, 121, 122, 123, 124, 125, 131, 132, 133, 134, 135, 137, 138, 139, 140, 141, 142, 143, 154, 163, 164, 165, 175, 176, 180, 182, 183, 186, 193, 194, 195, 203, 204, 212, 213, 217, 219, 220, 221, 222, 224, 225, 232, 233, 240, 241, 242, 243, 244, 251, 252, 259, 263, 264, 275, 276, 277, 278, 279, 282, 288, 289, 290, 291, 292, 293, 299, 300, 301, 302, 303, 304, 305, 311, 312, 314, 315, 317, 318, 322, 324, 325, 327, 328, 329, 330, 334, 340, 341, 343, 344, 345, 346, 348, 349, 350, 352, 353, 354, 356, 357, 361, 362, 364, 375, 376, 377, 378, 379, 380, 381, 382, 383, 385, 386, 387, 388, 389, 390, 391, 392, 394, 395, 396, 397, 398, 399, 401, 402, 406, 407, 408, 409, 411, 412, 415, 416, 417, 418, 420, 423, 436, 437, 438, 439, 441, 442, 443, 444, 445, 446, 467, 471, 472, 473, 474, 476, 477, 478, 479, 480, 481, 482, 483, 484, 485, 487, 488, 490, 491, 492, 494, 495, 496, 497, 498, 499, 500, 505, 508, 517, 518, 522, 524, 537, 538, 550, 553, 554, 565, 568, 569, 570, 571, 572, 573, 574, 575, 576, 580, 581, 582, 583, 584, 585, 586, 592, 593, 598, 602, 603, 613, 614, 615, 616, 617, 618, 619, 620, 624, 625, 626, 631, 632, 633, 634, 635, 636, 639, 640, 642, 643, 644, 645, 646, 649, 650, 651, 652, 653, 654, 655, 656, 668, 669, 671, 708, 709, 710, 711, 716, 718, 720, 721, 722, 727, 728, 729, 731, 739, 740, 741, 743, 744, 745, 750, 751, 752, 762, 763, 764, 766, 767, 768, 769, 770, 771, 775, 781, 782, 783, 784, 785, 786, 787, 788, 791, 792, 793, 794, 795, 799, 804, 805, 806, 809, 810, 815, 816, 818, 819, 820, 821, 828, 829, 830, 831, 832, 833, 834, 835, 836, 837, 838, 839, 845, 846, 847, 848, 855, 856, 857, 858, 859, 860, 861, 862, 863, 864, 865, 866, 873, 874, 876, 877, 878, 879, 880, 883, 891, 892, 895, 896, 897, 898, 899, 900, 901, 902, 903, 908, 909, 910, 911, 916, 917, 918, 919, 920, 921, 922, 923, 924, 925, 927, 928, 929, 933, 934, 937, 938, 940, 941, 942, 943, 944, 945, 946, 947, 948, 958, 959, 960, 966, 967, 968, 969, 970, 975, 976, 983, 984, 985, 986, 987, 988, 989, 990, 991, 992, 993, 994, 995, 996, 998, 999, 1000, 1001, 1002, 1003, 1005, 1006, 1012, 1013, 1020, 1027, 1028, 1029, 1030, 1031, 1032, 1033, 1034, 1035, 1036, 1037, 1038, 1040, 1041], "excluded_lines": [144, 145, 166, 167, 184, 185, 196, 197, 201, 205, 206, 210, 226, 227, 245, 246, 253, 254, 265, 266, 358, 359, 520, 672, 673, 674, 675, 676, 690, 789, 840, 841, 842, 843, 867, 868, 870, 871], "functions": {"_failure_tips": {"executed_lines": [53, 54, 85], "summary": {"covered_lines": 3, "num_statements": 3, "percent_covered": 100.0, "percent_covered_display": "100", "missing_lines": 0, "excluded_lines": 0}, "missing_lines": [], "excluded_lines": []}, "_reset_coverage_artifacts": {"executed_lines": [], "summary": {"covered_lines": 0, "num_statements": 19, "percent_covered": 0.0, "percent_covered_display": "0", "missing_lines": 19, "excluded_lines": 0}, "missing_lines": [102, 103, 108, 109, 110, 111, 113, 114, 115, 116, 117, 118, 119, 120, 121, 122, 123, 124, 125], "excluded_lines": []}, "_ensure_coverage_artifacts": {"executed_lines": [], "summary": {"covered_lines": 0, "num_statements": 48, "percent_covered": 0.0, "percent_covered_display": "0", "missing_lines": 48, "excluded_lines": 20}, "missing_lines": [131, 132, 133, 134, 135, 137, 138, 139, 140, 141, 142, 143, 154, 163, 164, 165, 175, 176, 180, 182, 183, 186, 193, 194, 195, 203, 204, 212, 213, 217, 219, 220, 221, 222, 224, 225, 232, 233, 240, 241, 242, 243, 244, 251, 252, 259, 263, 264], "excluded_lines": [144, 145, 166, 167, 184, 185, 196, 197, 201, 205, 206, 210, 226, 227, 245, 246, 253, 254, 265, 266]}, "_parse_pytest_addopts": {"executed_lines": [], "summary": {"covered_lines": 0, "num_statements": 6, "percent_covered": 0.0, "percent_covered_display": "0", "missing_lines": 6, "excluded_lines": 0}, "missing_lines": [275, 276, 277, 278, 279, 282], "excluded_lines": []}, "_addopts_has_plugin": {"executed_lines": [], "summary": {"covered_lines": 0, "num_statements": 6, "percent_covered": 0.0, "percent_covered_display": "0", "missing_lines": 6, "excluded_lines": 0}, "missing_lines": [288, 289, 290, 291, 292, 293], "excluded_lines": []}, "_coverage_plugin_disabled": {"executed_lines": [], "summary": {"covered_lines": 0, "num_statements": 7, "percent_covered": 0.0, "percent_covered_display": "0", "missing_lines": 7, "excluded_lines": 0}, "missing_lines": [299, 300, 301, 302, 303, 304, 305], "excluded_lines": []}, "ensure_pytest_cov_plugin_env": {"executed_lines": [], "summary": {"covered_lines": 0, "num_statements": 14, "percent_covered": 0.0, "percent_covered_display": "0", "missing_lines": 14, "excluded_lines": 0}, "missing_lines": [311, 312, 314, 315, 317, 318, 322, 324, 325, 327, 328, 329, 330, 334], "excluded_lines": []}, "coverage_artifacts_status": {"executed_lines": [], "summary": {"covered_lines": 0, "num_statements": 17, "percent_covered": 0.0, "percent_covered_display": "0", "missing_lines": 17, "excluded_lines": 2}, "missing_lines": [340, 341, 343, 344, 345, 346, 348, 349, 350, 352, 353, 354, 356, 357, 361, 362, 364], "excluded_lines": [358, 359]}, "enforce_coverage_threshold": {"executed_lines": [], "summary": {"covered_lines": 0, "num_statements": 37, "percent_covered": 0.0, "percent_covered_display": "0", "missing_lines": 37, "excluded_lines": 0}, "missing_lines": [375, 376, 377, 378, 379, 380, 381, 382, 383, 385, 386, 387, 388, 389, 390, 391, 392, 394, 395, 396, 397, 398, 399, 401, 402, 406, 407, 408, 409, 411, 412, 415, 416, 417, 418, 420, 423], "excluded_lines": []}, "_sanitize_node_ids": {"executed_lines": [], "summary": {"covered_lines": 0, "num_statements": 10, "percent_covered": 0.0, "percent_covered_display": "0", "missing_lines": 10, "excluded_lines": 0}, "missing_lines": [436, 437, 438, 439, 441, 442, 443, 444, 445, 446], "excluded_lines": []}, "collect_tests_with_cache": {"executed_lines": [], "summary": {"covered_lines": 0, "num_statements": 84, "percent_covered": 0.0, "percent_covered_display": "0", "missing_lines": 84, "excluded_lines": 6}, "missing_lines": [467, 471, 472, 473, 474, 476, 490, 491, 492, 494, 495, 496, 497, 498, 499, 500, 505, 508, 517, 518, 522, 524, 537, 538, 550, 553, 554, 565, 568, 569, 570, 571, 572, 573, 574, 575, 576, 580, 581, 582, 583, 584, 585, 586, 592, 593, 598, 602, 603, 613, 614, 615, 616, 617, 618, 619, 620, 624, 625, 626, 631, 632, 633, 634, 635, 636, 639, 640, 642, 643, 644, 645, 646, 649, 650, 651, 652, 653, 654, 655, 656, 668, 669, 671], "excluded_lines": [520, 672, 673, 674, 675, 676]}, "collect_tests_with_cache._latest_mtime": {"executed_lines": [], "summary": {"covered_lines": 0, "num_statements": 11, "percent_covered": 0.0, "percent_covered_display": "0", "missing_lines": 11, "excluded_lines": 0}, "missing_lines": [477, 478, 479, 480, 481, 482, 483, 484, 485, 487, 488], "excluded_lines": []}, "run_tests": {"executed_lines": [], "summary": {"covered_lines": 0, "num_statements": 183, "percent_covered": 0.0, "percent_covered_display": "0", "missing_lines": 183, "excluded_lines": 10},